{
    "ModelType": "LinearSVM",
    "SelectedBands": [
        0,
        44,
        90,
        91,
        92
    ],
    "Weights": [
        0.09224896785961172,
        -0.07418176746568055,
        -0.0491338872725391,
        0.18146727695445367,
        0.02460951709527426
    ],
    "Bias": 0.02923988139251012,
    "Preprocessing": {
        "BackgroundThreshold": 3979,
        "ApplySG": false,
        "SGWindow": 5,
        "ApplyL2": true,
        "ApplyMinMax": false,
        "ApplySNV": true,
        "ApplyCentering": false
    },
    "Note": "\ud310\uc815 \uacf5\uc2dd: Score = sum(w*x) + b. \ub9cc\uc57d Score > 0 \uc774\uba74 '\ubd88\ub7c9(Class 1)' \uc785\ub2c8\ub2e4."
}